entity_id,type,debit_paise,credit_paise,amount_paise,fee_paise,tax_paise,on_hold,settled,created_at,settled_at,settlement_id,settlement_utr,order_id,method,card_network,card_type,international,dispute_id,description
pay_18ec773c86b481,payment,0,83974,85900,1632,294,false,true,2026-03-02T09:07:51+05:30,2026-03-04T10:00:00+05:30,setl_5570af976045db,8659945258yqimbl,ord_43e8f19d7a38,netbanking,,,false,,
pay_6f576038fe9171,payment,0,187883,189900,1709,308,false,true,2026-03-02T18:19:16+05:30,2026-03-04T10:00:00+05:30,setl_5570af976045db,8659945258yqimbl,ord_b7061e81ee9f,card,VISA,debit,false,,
pay_c28a9876601a23,payment,0,49000,49000,0,0,false,true,2026-03-02T18:50:52+05:30,2026-03-04T10:00:00+05:30,setl_5570af976045db,8659945258yqimbl,ord_4695b37e129d,upi,,,false,,
pay_5b41d9e672b27a,payment,0,878747,898900,17079,3074,false,true,2026-03-02T14:20:00+05:30,2026-03-04T10:00:00+05:30,setl_5570af976045db,8659945258yqimbl,ord_ebc2b9ef6ad8,netbanking,,,false,,
pay_e3296dc208c3b1,payment,0,119900,119900,0,0,false,true,2026-03-02T14:37:59+05:30,2026-03-04T10:00:00+05:30,setl_5570af976045db,8659945258yqimbl,ord_e449d5e4fea1,upi,,,false,,
pay_a70b330d3dce8f,payment,0,5599792,5659900,50939,9169,false,true,2026-03-02T19:36:36+05:30,2026-03-04T10:00:00+05:30,setl_5570af976045db,8659945258yqimbl,ord_1682bd8e5137,card,VISA,debit,false,,
pay_df68df270e27b4,payment,0,140492,142000,1278,230,false,true,2026-03-02T21:30:54+05:30,2026-03-04T10:00:00+05:30,setl_5570af976045db,8659945258yqimbl,ord_a16b7209581f,card,MASTERCARD,debit,false,,
pay_68397554faafba,payment,0,81041,82900,1575,284,false,true,2026-03-02T09:52:42+05:30,2026-03-04T10:00:00+05:30,setl_5570af976045db,8659945258yqimbl,ord_00d790ed5e03,netbanking,,,false,,
pay_b3d13c491cee73,payment,0,68431,70000,1330,239,false,true,2026-03-02T22:05:08+05:30,2026-03-04T10:00:00+05:30,setl_5570af976045db,8659945258yqimbl,ord_6d8df607dc0b,netbanking,,,false,,
pay_bbf15d4325c536,payment,0,185418,189900,3798,684,false,true,2026-03-02T12:25:33+05:30,2026-03-04T10:00:00+05:30,setl_5570af976045db,8659945258yqimbl,ord_a8f9083d79c2,card,MASTERCARD,credit,false,,
pay_c060256bd1618b,payment,0,156126,159900,3198,576,false,true,2026-03-02T20:43:08+05:30,2026-03-04T10:00:00+05:30,setl_5570af976045db,8659945258yqimbl,ord_e3b65895204f,card,MASTERCARD,credit,false,,
pay_6bbd43f4e60c4a,payment,0,189900,189900,0,0,false,true,2026-03-02T23:53:10+05:30,2026-03-04T10:00:00+05:30,setl_5570af976045db,8659945258yqimbl,ord_ecf8da90c8e7,upi,,,false,,
pay_4fbaf3a23c9408,payment,0,179900,179900,0,0,false,true,2026-03-02T12:21:59+05:30,2026-03-04T10:00:00+05:30,setl_5570af976045db,8659945258yqimbl,ord_9805f5784c70,upi,,,false,,
pay_d8aa4a4be5d660,payment,0,141000,141000,0,0,false,true,2026-03-02T09:10:02+05:30,2026-03-04T10:00:00+05:30,setl_5570af976045db,8659945258yqimbl,ord_551fcbbcdf41,upi,,,false,,
pay_90fa61870137a6,payment,0,40081,41000,779,140,false,true,2026-03-02T07:46:39+05:30,2026-03-04T10:00:00+05:30,setl_5570af976045db,8659945258yqimbl,ord_0a668ae899f0,netbanking,,,false,,
pay_e6ae57a2a97203,payment,0,208000,208000,0,0,false,true,2026-03-02T18:25:12+05:30,2026-03-04T10:00:00+05:30,setl_5570af976045db,8659945258yqimbl,ord_de631b72db25,upi,,,false,,
pay_2af134bb10d29f,payment,0,89900,89900,0,0,false,true,2026-03-02T23:01:13+05:30,2026-03-04T10:00:00+05:30,setl_5570af976045db,8659945258yqimbl,ord_264307f6df51,upi,,,false,,
pay_41a6764343bb74,payment,0,2099900,2099900,0,0,false,true,2026-03-03T09:44:34+05:30,2026-03-05T10:00:00+05:30,setl_446441e559f1b9,5992651732svacml,ord_bd54a05c90cb,upi,,,false,,
pay_8f0ea5166684e8,payment,0,160000,160000,0,0,false,true,2026-03-03T11:10:39+05:30,2026-03-05T10:00:00+05:30,setl_446441e559f1b9,5992651732svacml,ord_5e587d8545e2,upi,,,false,,
pay_a497976181466c,payment,0,129900,129900,0,0,false,true,2026-03-03T13:01:47+05:30,2026-03-05T10:00:00+05:30,setl_446441e559f1b9,5992651732svacml,ord_199a4ba9a00c,upi,,,false,,
pay_38b3c8cbfed5f5,payment,0,50900,50900,0,0,false,true,2026-03-03T19:54:26+05:30,2026-03-05T10:00:00+05:30,setl_446441e559f1b9,5992651732svacml,ord_a9277735cb82,upi,,,false,,
pay_0ec7e9e1fe6a3f,payment,0,72156,73900,1478,266,false,true,2026-03-03T12:33:56+05:30,2026-03-05T10:00:00+05:30,setl_446441e559f1b9,5992651732svacml,ord_202850743171,card,VISA,credit,false,,
pay_d42a94eb5323e5,payment,0,44900,44900,0,0,false,true,2026-03-03T19:30:14+05:30,2026-03-05T10:00:00+05:30,setl_446441e559f1b9,5992651732svacml,ord_11b11d7ded37,upi,,,false,,
pay_9588925794d8f9,payment,0,559900,559900,0,0,false,true,2026-03-03T23:05:48+05:30,2026-03-05T10:00:00+05:30,setl_446441e559f1b9,5992651732svacml,ord_db984524eae7,upi,,,false,,
pay_9858ce968b5b71,payment,0,565000,565000,0,0,false,true,2026-03-03T21:11:07+05:30,2026-03-05T10:00:00+05:30,setl_446441e559f1b9,5992651732svacml,ord_a2be41e89b4a,upi,,,false,,
pay_18e8660d07eee1,payment,0,188575,192900,3665,660,false,true,2026-03-03T12:28:49+05:30,2026-03-05T10:00:00+05:30,setl_446441e559f1b9,5992651732svacml,ord_48c47a41c952,netbanking,,,false,,
pay_384510122ba728,payment,0,575819,582000,5238,943,false,true,2026-03-03T09:03:44+05:30,2026-03-05T10:00:00+05:30,setl_446441e559f1b9,5992651732svacml,ord_263d580de3a7,card,MASTERCARD,debit,false,,
pay_6096b55b844945,payment,0,215900,215900,0,0,false,true,2026-03-03T07:45:40+05:30,2026-03-05T10:00:00+05:30,setl_446441e559f1b9,5992651732svacml,ord_8e168722f00f,upi,,,false,,
pay_b70d63f204c4f3,payment,0,245366,248000,2232,402,false,true,2026-03-03T15:31:36+05:30,2026-03-05T10:00:00+05:30,setl_446441e559f1b9,5992651732svacml,ord_f3ce676d5ff3,card,AMEX,debit,false,,
pay_9b1ea0e8656612,payment,0,641397,656900,13138,2365,false,true,2026-03-03T15:02:12+05:30,2026-03-05T10:00:00+05:30,setl_446441e559f1b9,5992651732svacml,ord_cfcfb0eacd42,card,MASTERCARD,credit,false,,
pay_cdbc0d1d29ed39,payment,0,121900,121900,0,0,false,true,2026-03-03T12:31:17+05:30,2026-03-05T10:00:00+05:30,setl_446441e559f1b9,5992651732svacml,ord_56dc9890a86f,upi,,,false,,
pay_335708c68aec3d,payment,0,49370,49900,449,81,false,true,2026-03-03T13:17:59+05:30,2026-03-05T10:00:00+05:30,setl_446441e559f1b9,5992651732svacml,ord_7df720ab5cdf,card,AMEX,debit,false,,
pay_af55e83843315e,payment,0,39006,39900,758,136,false,true,2026-03-03T19:37:00+05:30,2026-03-05T10:00:00+05:30,setl_446441e559f1b9,5992651732svacml,ord_e1537b284bc5,netbanking,,,false,,
pay_e52afe8058556e,payment,0,74206,76000,1520,274,false,true,2026-03-04T13:17:12+05:30,2026-03-06T10:00:00+05:30,setl_b02381c76b604b,1009526630jasblf,ord_316603a3a947,card,MASTERCARD,credit,false,,
pay_202d04f3b6fe26,payment,0,65900,65900,0,0,false,true,2026-03-04T15:53:20+05:30,2026-03-06T10:00:00+05:30,setl_b02381c76b604b,1009526630jasblf,ord_fb898fb56794,upi,,,false,,
pay_68d25be278a81f,payment,0,49900,49900,0,0,false,true,2026-03-04T22:08:00+05:30,2026-03-06T10:00:00+05:30,setl_b02381c76b604b,1009526630jasblf,ord_35c9513b0c56,upi,,,false,,
pay_bbfd364a8a1952,payment,0,694000,694000,0,0,false,true,2026-03-04T18:01:02+05:30,2026-03-06T10:00:00+05:30,setl_b02381c76b604b,1009526630jasblf,ord_29bd6dce0afa,upi,,,false,,
pay_541fec3815500c,payment,0,634562,649900,12998,2340,false,true,2026-03-04T16:43:38+05:30,2026-03-06T10:00:00+05:30,setl_b02381c76b604b,1009526630jasblf,ord_4b7416fd1d9a,card,RUPAY,credit,false,,
pay_670002ec966357,payment,0,218000,218000,0,0,false,true,2026-03-04T08:50:59+05:30,2026-03-06T10:00:00+05:30,setl_b02381c76b604b,1009526630jasblf,ord_b45110baafa5,upi,,,false,,
pay_d559df154a6362,payment,0,468000,468000,0,0,false,true,2026-03-04T18:46:59+05:30,2026-03-06T10:00:00+05:30,setl_b02381c76b604b,1009526630jasblf,ord_505e4318863d,upi,,,false,,
pay_cd238affbb476f,payment,0,729900,729900,0,0,false,true,2026-03-04T10:11:12+05:30,2026-03-06T10:00:00+05:30,setl_b02381c76b604b,1009526630jasblf,ord_00d73bd59c4d,upi,,,false,,
pay_5f8425ec584443,payment,0,567288,581000,11620,2092,false,true,2026-03-04T12:06:08+05:30,2026-03-06T10:00:00+05:30,setl_b02381c76b604b,1009526630jasblf,ord_e3b05e1659a8,wallet,,,false,,
pay_f3782bd27762c1,payment,0,181000,181000,0,0,false,true,2026-03-04T23:20:13+05:30,2026-03-06T10:00:00+05:30,setl_b02381c76b604b,1009526630jasblf,ord_412733697932,upi,,,false,,
pay_e94bfeabad644f,payment,0,111000,111000,0,0,false,true,2026-03-04T18:43:22+05:30,2026-03-06T10:00:00+05:30,setl_b02381c76b604b,1009526630jasblf,ord_bab3859cec97,upi,,,false,,
pay_8d7901c503f459,payment,0,102548,104900,1993,359,false,true,2026-03-04T17:45:24+05:30,2026-03-09T10:00:00+05:30,setl_abdd3220e55eba,7802085733sdjdny,ord_88232dac3a23,netbanking,,,false,,
pay_f12d8521f4e5df,payment,0,949900,949900,0,0,true,false,2026-03-04T14:34:26+05:30,,,,ord_e52c4c4b6bab,upi,,,false,dsp_97794549f1cd,
pay_a36df9981c9075,payment,0,218000,218000,0,0,false,true,2026-03-05T15:45:04+05:30,2026-03-09T10:00:00+05:30,setl_abdd3220e55eba,7802085733sdjdny,ord_ceb96b168848,upi,,,false,,
pay_731af659324131,payment,0,41900,41900,0,0,false,true,2026-03-05T20:19:32+05:30,2026-03-09T10:00:00+05:30,setl_abdd3220e55eba,7802085733sdjdny,ord_b7487edd8725,upi,,,false,,
pay_885f346dac4e5f,payment,0,114141,116900,2338,421,false,true,2026-03-05T08:52:54+05:30,2026-03-09T10:00:00+05:30,setl_abdd3220e55eba,7802085733sdjdny,ord_4bf1b4c5505d,card,AMEX,credit,false,,
pay_fb48088e88230b,payment,0,87778,89900,1798,324,false,true,2026-03-05T15:48:56+05:30,2026-03-09T10:00:00+05:30,setl_abdd3220e55eba,7802085733sdjdny,ord_03d9661da0d9,wallet,,,false,,
pay_4bd6f17ba2ecc8,payment,0,320162,327900,6558,1180,false,true,2026-03-05T12:45:32+05:30,2026-03-09T10:00:00+05:30,setl_abdd3220e55eba,7802085733sdjdny,ord_dc7c39e44464,upi,,,false,,
pay_e9de7e1347a379,payment,0,108900,108900,0,0,false,true,2026-03-05T17:25:21+05:30,2026-03-09T10:00:00+05:30,setl_abdd3220e55eba,7802085733sdjdny,ord_0d774744b4c0,upi,,,false,,
pay_4c359c2d429c9f,payment,0,344572,352900,7058,1270,false,true,2026-03-06T00:00:05+05:30,2026-03-10T10:00:00+05:30,setl_d62597b893494b,8037500912tbqhgc,ord_86a1e182ff5f,card,AMEX,credit,false,,
pay_3e1ed574973ed4,payment,0,47900,47900,0,0,false,true,2026-03-05T14:35:14+05:30,2026-03-09T10:00:00+05:30,setl_abdd3220e55eba,7802085733sdjdny,ord_4464f48c2d5d,upi,,,false,,
pay_ccbe3fc2addafe,payment,0,792000,792000,0,0,false,true,2026-03-05T15:35:20+05:30,2026-03-09T10:00:00+05:30,setl_abdd3220e55eba,7802085733sdjdny,ord_fe4b3427fa07,upi,,,false,,
pay_571558858d3223,payment,0,233900,233900,0,0,false,true,2026-03-05T10:56:18+05:30,2026-03-09T10:00:00+05:30,setl_abdd3220e55eba,7802085733sdjdny,ord_79149e84763a,upi,,,false,,
pay_816d4892b88e2e,payment,0,699900,699900,0,0,false,true,2026-03-05T13:39:30+05:30,2026-03-09T10:00:00+05:30,setl_abdd3220e55eba,7802085733sdjdny,ord_52662d095a8d,upi,,,false,,
pay_2cea03bcb8ac4d,payment,0,969494,979900,8819,1587,false,true,2026-03-06T17:51:21+05:30,2026-03-10T10:00:00+05:30,setl_d62597b893494b,8037500912tbqhgc,ord_2d37d6561ba9,card,RUPAY,debit,false,,
pay_8ee931ea751d13,payment,0,204703,206900,1862,335,false,true,2026-03-06T17:45:49+05:30,2026-03-10T10:00:00+05:30,setl_d62597b893494b,8037500912tbqhgc,ord_b2baceb4c82b,card,VISA,debit,false,,
pay_64de31f978f9c8,payment,0,119900,119900,0,0,false,true,2026-03-06T09:14:40+05:30,2026-03-10T10:00:00+05:30,setl_d62597b893494b,8037500912tbqhgc,ord_0f9a67b3ca04,upi,,,false,,
pay_e72192225f4bc9,payment,0,708900,708900,0,0,false,true,2026-03-06T16:14:25+05:30,2026-03-10T10:00:00+05:30,setl_d62597b893494b,8037500912tbqhgc,ord_4a82c84ba90e,upi,,,false,,
pay_9d113df89c3879,payment,0,129900,129900,0,0,false,true,2026-03-06T21:50:44+05:30,2026-03-10T10:00:00+05:30,setl_d62597b893494b,8037500912tbqhgc,ord_8c675df2cc99,upi,,,false,,
pay_96f489a5b2215f,payment,0,66900,66900,0,0,false,true,2026-03-06T07:05:49+05:30,2026-03-10T10:00:00+05:30,setl_d62597b893494b,8037500912tbqhgc,ord_53c6db121f12,upi,,,false,,
pay_a4fbcad75fb589,payment,0,276900,276900,0,0,false,true,2026-03-06T19:59:18+05:30,2026-03-10T10:00:00+05:30,setl_d62597b893494b,8037500912tbqhgc,ord_fb599d03e452,upi,,,false,,
pay_9cc88f6c7f87af,payment,0,229900,229900,0,0,false,true,2026-03-06T23:37:36+05:30,2026-03-10T10:00:00+05:30,setl_d62597b893494b,8037500912tbqhgc,ord_e18a2e39c756,upi,,,false,,
pay_60f4af0e42121f,payment,0,3223000,3223000,0,0,false,true,2026-03-06T21:32:26+05:30,2026-03-13T10:00:00+05:30,setl_8082b2acdbafab,7613134847srhjfa,ord_427bc2cf2283,upi,,,false,,
pay_774cd8e6ddcb88,payment,0,214900,214900,0,0,false,true,2026-03-06T22:20:04+05:30,2026-03-10T10:00:00+05:30,setl_d62597b893494b,8037500912tbqhgc,ord_4b6d9b73b9cf,upi,,,false,,
pay_6b8df1464baa32,payment,0,241000,241000,0,0,false,true,2026-03-06T23:34:08+05:30,2026-03-10T10:00:00+05:30,setl_d62597b893494b,8037500912tbqhgc,ord_1673b7ac3c23,upi,,,false,,
pay_ba5786a167afaa,payment,0,169900,169900,0,0,false,true,2026-03-06T21:11:11+05:30,2026-03-10T10:00:00+05:30,setl_d62597b893494b,8037500912tbqhgc,ord_e050554091c6,upi,,,false,,
pay_46a39e96cec1cf,payment,0,217565,219900,1979,356,false,true,2026-03-07T17:46:01+05:30,2026-03-10T10:00:00+05:30,setl_d62597b893494b,8037500912tbqhgc,ord_f38b28d6046c,card,VISA,debit,false,,
pay_cfe35c601d1fd4,payment,0,508900,508900,0,0,false,true,2026-03-07T08:05:16+05:30,2026-03-10T10:00:00+05:30,setl_d62597b893494b,8037500912tbqhgc,ord_b930a2413cce,upi,,,false,,
pay_4c88c2fde069d1,payment,0,151000,151000,0,0,false,true,2026-03-07T10:18:34+05:30,2026-03-10T10:00:00+05:30,setl_d62597b893494b,8037500912tbqhgc,ord_b01dcc00c443,upi,,,false,,
pay_cda01c8655e24f,payment,0,195182,199900,3998,720,false,true,2026-03-07T11:28:02+05:30,2026-03-10T10:00:00+05:30,setl_d62597b893494b,8037500912tbqhgc,ord_a7361130b1b7,wallet,,,false,,
pay_f1b3b8d14c89ea,payment,0,48722,49900,998,180,false,true,2026-03-07T08:50:01+05:30,2026-03-10T10:00:00+05:30,setl_d62597b893494b,8037500912tbqhgc,ord_31e1c6b4c0fa,card,VISA,credit,false,,
pay_baa590b8372c6c,payment,0,174032,175900,1583,285,false,true,2026-03-07T18:35:59+05:30,2026-03-10T10:00:00+05:30,setl_d62597b893494b,8037500912tbqhgc,ord_fc59a2e444f2,card,RUPAY,debit,false,,
pay_29104b49196b59,payment,0,72156,73900,1478,266,false,true,2026-03-07T16:31:12+05:30,2026-03-10T10:00:00+05:30,setl_d62597b893494b,8037500912tbqhgc,ord_c084949573fd,card,VISA,credit,false,,
pay_500e320ee4cc05,payment,0,79052,79900,719,129,false,true,2026-03-07T16:23:56+05:30,2026-03-10T10:00:00+05:30,setl_d62597b893494b,8037500912tbqhgc,ord_3e97f5907317,card,VISA,debit,false,,
pay_7feed03c48f166,payment,0,149900,149900,0,0,false,true,2026-03-07T13:09:58+05:30,2026-03-10T10:00:00+05:30,setl_d62597b893494b,8037500912tbqhgc,,upi,,,false,,
pay_a72b9a2ebcdf1a,payment,0,209900,209900,0,0,false,true,2026-03-07T12:11:18+05:30,2026-03-10T10:00:00+05:30,setl_d62597b893494b,8037500912tbqhgc,ord_7dfbb8a5eb8f,upi,,,false,,
pay_d117c99cd2d512,payment,0,164035,168000,3360,605,false,true,2026-03-07T17:27:37+05:30,2026-03-10T10:00:00+05:30,setl_d62597b893494b,8037500912tbqhgc,ord_0c9d76bd1114,card,VISA,credit,false,,
pay_236898f11fa2bb,payment,0,201041,205900,4118,741,false,true,2026-03-07T12:53:48+05:30,2026-03-10T10:00:00+05:30,setl_d62597b893494b,8037500912tbqhgc,ord_80d356c31562,card,AMEX,credit,false,,
pay_72019d8ecc569d,payment,0,529900,529900,0,0,false,true,2026-03-07T16:31:32+05:30,2026-03-10T10:00:00+05:30,setl_d62597b893494b,8037500912tbqhgc,ord_6a0b41165389,upi,,,false,,
pay_f2c307651486f8,payment,0,214710,219900,4398,792,false,true,2026-03-08T13:36:14+05:30,2026-03-10T10:00:00+05:30,setl_d62597b893494b,8037500912tbqhgc,ord_186c4428848d,card,VISA,credit,false,,
pay_6a35288aaf19c2,payment,0,200000,200000,0,0,false,true,2026-03-08T17:06:32+05:30,2026-03-10T10:00:00+05:30,setl_d62597b893494b,8037500912tbqhgc,ord_51c5fa15a4e8,upi,,,false,,
pay_1974afe151f31b,payment,0,196900,196900,0,0,false,true,2026-03-08T10:35:17+05:30,2026-03-10T10:00:00+05:30,setl_d62597b893494b,8037500912tbqhgc,ord_fe468f4a2282,upi,,,false,,
pay_7ca54619a7eec4,payment,0,214900,214900,0,0,false,true,2026-03-08T08:13:12+05:30,2026-03-10T10:00:00+05:30,setl_d62597b893494b,8037500912tbqhgc,ord_f283aea2d217,upi,,,false,,
pay_4659f108ea0a68,payment,0,169900,169900,0,0,false,true,2026-03-08T14:39:49+05:30,2026-03-10T10:00:00+05:30,setl_d62597b893494b,8037500912tbqhgc,ord_6516b0d4713f,upi,,,false,,
pay_cf570d7b66cbbd,payment,0,340000,340000,0,0,false,true,2026-03-08T06:24:21+05:30,2026-03-10T10:00:00+05:30,setl_d62597b893494b,8037500912tbqhgc,ord_2606eae4d459,upi,,,false,,
pay_5d81118321a8af,payment,0,760000,760000,0,0,false,true,2026-03-08T20:06:10+05:30,2026-03-10T10:00:00+05:30,setl_d62597b893494b,8037500912tbqhgc,ord_3c7694bb0e13,upi,,,false,,
pay_3082fa7a99582f,payment,0,682573,689900,6209,1118,false,true,2026-03-08T16:28:30+05:30,2026-03-10T10:00:00+05:30,setl_d62597b893494b,8037500912tbqhgc,ord_fe55f8c6064a,card,VISA,debit,false,,
pay_f265704afa42c8,payment,0,49900,49900,0,0,false,true,2026-03-08T06:14:32+05:30,2026-03-10T10:00:00+05:30,setl_d62597b893494b,8037500912tbqhgc,ord_b23780725180,upi,,,false,,
pay_fce882e22cceac,payment,0,38958,39900,798,144,false,true,2026-03-08T18:33:57+05:30,2026-03-10T10:00:00+05:30,setl_d62597b893494b,8037500912tbqhgc,ord_f9bccdc561bc,card,VISA,credit,false,,
pay_d7c55b0ea8a9a1,payment,0,219900,219900,0,0,false,true,2026-03-08T08:29:24+05:30,2026-03-10T10:00:00+05:30,setl_d62597b893494b,8037500912tbqhgc,ord_a20b88b4ba23,upi,,,false,,
pay_2ee8d488009330,payment,0,158202,159900,1439,259,false,true,2026-03-08T09:41:19+05:30,2026-03-10T10:00:00+05:30,setl_d62597b893494b,8037500912tbqhgc,ord_d8402fc7562e,card,VISA,debit,false,,
pay_138ca17e935009,payment,0,229900,229900,0,0,false,true,2026-03-08T16:16:36+05:30,2026-03-10T10:00:00+05:30,setl_d62597b893494b,8037500912tbqhgc,ord_6b05866822a8,upi,,,false,,
pay_f05bad9f5f3d67,payment,0,536922,549900,10998,1980,false,true,2026-03-08T19:04:09+05:30,2026-03-10T10:00:00+05:30,setl_d62597b893494b,8037500912tbqhgc,ord_38c7727efe48,card,MASTERCARD,credit,false,,
pay_e8558888f9a2aa,payment,0,89900,89900,0,0,true,false,2026-03-08T15:47:34+05:30,,,,ord_d08ff8f25a20,upi,,,false,dsp_721e4d5954b3,
pay_c1ba5f2ac14c37,payment,0,108900,108900,0,0,false,true,2026-03-09T10:09:44+05:30,2026-03-11T10:00:00+05:30,setl_0d58af936c994c,1051223431xtzdsm,ord_bc3be5456a9a,upi,,,false,,
pay_0e97f12f59be99,payment,0,494558,505900,9612,1730,false,true,2026-03-09T20:08:49+05:30,2026-03-11T10:00:00+05:30,setl_0d58af936c994c,1051223431xtzdsm,ord_dd2bef7229c7,netbanking,,,false,,
pay_1b0447e93da345,payment,0,124900,124900,0,0,false,true,2026-03-09T20:00:26+05:30,2026-03-11T10:00:00+05:30,setl_0d58af936c994c,1051223431xtzdsm,ord_888bcb794b03,upi,,,false,,
pay_54e325ceacaf54,payment,0,934865,944900,8504,1531,false,true,2026-03-09T07:19:48+05:30,2026-03-11T10:00:00+05:30,setl_0d58af936c994c,1051223431xtzdsm,ord_12cc3d6cadb4,card,RUPAY,debit,false,,
pay_8414166cbf0ffc,payment,0,199900,199900,0,0,false,true,2026-03-09T16:55:56+05:30,2026-03-11T10:00:00+05:30,setl_0d58af936c994c,1051223431xtzdsm,ord_590063ab0f0f,upi,,,false,,
pay_02dfdb5d83f5b2,payment,0,527158,539900,10798,1944,false,true,2026-03-09T10:16:03+05:30,2026-03-11T10:00:00+05:30,setl_0d58af936c994c,1051223431xtzdsm,ord_19f03981e327,wallet,,,false,,
pay_6351f6a1c4e956,payment,0,475900,475900,0,0,false,true,2026-03-09T14:44:20+05:30,2026-03-11T10:00:00+05:30,setl_0d58af936c994c,1051223431xtzdsm,ord_50ca61ea57a4,upi,,,false,,
pay_3a75acd8ea9aeb,payment,0,179000,179000,0,0,false,true,2026-03-09T07:10:05+05:30,2026-03-11T10:00:00+05:30,setl_0d58af936c994c,1051223431xtzdsm,ord_0947237cfbd9,upi,,,false,,
pay_0c3065b0f12d0e,payment,0,84947,87000,1740,313,false,true,2026-03-09T15:46:33+05:30,2026-03-11T10:00:00+05:30,setl_0d58af936c994c,1051223431xtzdsm,ord_2416e4735a07,card,RUPAY,credit,false,,
pay_0a813ab8b7dc2f,payment,0,51433,53321,1600,288,false,true,2026-03-09T15:29:53+05:30,2026-03-11T10:00:00+05:30,setl_0d58af936c994c,1051223431xtzdsm,ord_3c6e6d24e826,card,RUPAY,debit,true,,
pay_1a0818346504aa,payment,0,136598,139900,2798,504,true,false,2026-03-09T15:50:03+05:30,,,,ord_e9062e57abac,card,AMEX,credit,false,dsp_bf1352f98d64,
pay_e921972dd3dd65,payment,0,199088,203900,4078,734,false,true,2026-03-09T12:14:48+05:30,2026-03-11T10:00:00+05:30,setl_0d58af936c994c,1051223431xtzdsm,ord_da3d392f2ec5,card,RUPAY,credit,false,,
pay_726b3f4cc3c43b,payment,0,175654,179900,3598,648,false,true,2026-03-09T10:35:45+05:30,2026-03-11T10:00:00+05:30,setl_0d58af936c994c,1051223431xtzdsm,ord_79c95fb0923f,card,AMEX,credit,false,,
pay_e9d0eca5e197db,payment,0,224000,224000,0,0,false,true,2026-03-09T18:49:50+05:30,2026-03-11T10:00:00+05:30,setl_0d58af936c994c,1051223431xtzdsm,ord_c1a4eeb16a5d,upi,,,false,,
pay_98bf939bde7fdc,payment,0,130740,133900,2678,482,false,true,2026-03-09T20:31:30+05:30,2026-03-11T10:00:00+05:30,setl_0d58af936c994c,1051223431xtzdsm,ord_766c2171f5f2,card,RUPAY,credit,false,,
pay_9b486ee002f023,payment,0,89900,89900,0,0,false,true,2026-03-09T10:14:32+05:30,2026-03-11T10:00:00+05:30,setl_0d58af936c994c,1051223431xtzdsm,ord_bafadc1138b2,upi,,,false,,
pay_660a154614a78a,payment,0,82896,84900,1698,306,false,true,2026-03-10T16:45:07+05:30,2026-03-12T10:00:00+05:30,setl_4f78878440f3ef,1097215850nnvwog,ord_e7c77f066c71,wallet,,,false,,
pay_ccabd11bf4af54,payment,0,756000,756000,0,0,false,true,2026-03-10T18:44:35+05:30,2026-03-12T10:00:00+05:30,setl_4f78878440f3ef,1097215850nnvwog,ord_6463b3ccfb82,upi,,,false,,
pay_2764f1e5c45cdb,payment,0,134900,134900,0,0,false,true,2026-03-10T11:03:34+05:30,2026-03-12T10:00:00+05:30,setl_4f78878440f3ef,1097215850nnvwog,ord_868aca9126a9,upi,,,false,,
pay_ba732a2d35dfd0,payment,0,229900,229900,0,0,false,true,2026-03-10T18:36:58+05:30,2026-03-12T10:00:00+05:30,setl_4f78878440f3ef,1097215850nnvwog,ord_69b94fc27de2,upi,,,false,,
pay_4cf8a24b89c60d,payment,0,247246,249900,2249,405,false,true,2026-03-10T21:41:32+05:30,2026-03-12T10:00:00+05:30,setl_4f78878440f3ef,1097215850nnvwog,ord_0306ef9fe686,card,VISA,debit,false,,
pay_21b5eaaabd60f8,payment,0,65900,65900,0,0,false,true,2026-03-10T08:10:02+05:30,2026-03-12T10:00:00+05:30,setl_4f78878440f3ef,1097215850nnvwog,ord_63c94f76c290,upi,,,false,,
pay_c96a137f5f8c34,payment,0,1575812,1613900,32278,5810,false,true,2026-03-10T11:47:30+05:30,2026-03-12T10:00:00+05:30,setl_4f78878440f3ef,1097215850nnvwog,ord_71f545abc0e6,wallet,,,false,,
pay_0973c27253524d,payment,0,79900,79900,0,0,false,true,2026-03-10T12:45:38+05:30,2026-03-12T10:00:00+05:30,setl_4f78878440f3ef,1097215850nnvwog,ord_ed623b9afcfd,upi,,,false,,
pay_e2543685f1aa9e,payment,0,2843900,2843900,0,0,false,true,2026-03-10T21:29:12+05:30,2026-03-12T10:00:00+05:30,setl_4f78878440f3ef,1097215850nnvwog,ord_67f4c6cae752,upi,,,false,,
pay_21698121958173,payment,0,719900,719900,0,0,false,true,2026-03-10T23:47:54+05:30,2026-03-12T10:00:00+05:30,setl_4f78878440f3ef,1097215850nnvwog,ord_99a8ef4a463f,upi,,,false,,
pay_1d03b493191c11,payment,0,633104,639900,5759,1037,false,true,2026-03-10T22:27:46+05:30,2026-03-12T10:00:00+05:30,setl_4f78878440f3ef,1097215850nnvwog,ord_1e8beed30c07,card,MASTERCARD,debit,false,,
pay_ce942a9055177e,payment,0,89000,89000,0,0,false,true,2026-03-10T07:43:13+05:30,2026-03-12T10:00:00+05:30,setl_4f78878440f3ef,1097215850nnvwog,ord_807c4901301c,upi,,,false,,
pay_dace076094148f,payment,0,279900,279900,0,0,false,true,2026-03-10T22:32:18+05:30,2026-03-12T10:00:00+05:30,setl_4f78878440f3ef,1097215850nnvwog,ord_cd54bfc260e3,upi,,,false,,
pay_05df7e7f6e0a40,payment,0,34076,34900,698,126,false,true,2026-03-10T23:10:48+05:30,2026-03-12T10:00:00+05:30,setl_4f78878440f3ef,1097215850nnvwog,ord_a8fcc3eb9e9c,card,AMEX,credit,false,,
pay_6aaea0054714ff,payment,0,124882,127900,2558,460,false,true,2026-03-10T16:54:22+05:30,2026-03-12T10:00:00+05:30,setl_4f78878440f3ef,1097215850nnvwog,ord_2d90f4f03d89,wallet,,,false,,
pay_a3dd39ffa1486b,payment,0,174131,176000,1584,285,false,true,2026-03-11T23:52:44+05:30,2026-03-13T10:00:00+05:30,setl_8082b2acdbafab,7613134847srhjfa,ord_4ef8b3e64eea,card,VISA,debit,false,,
pay_91efb7e0b7710b,payment,0,120976,123900,2478,446,false,true,2026-03-11T15:13:05+05:30,2026-03-13T10:00:00+05:30,setl_8082b2acdbafab,7613134847srhjfa,ord_66ded7dc8095,card,RUPAY,credit,false,,
pay_e7829600cee0ac,payment,0,171900,171900,0,0,false,true,2026-03-11T11:22:04+05:30,2026-03-13T10:00:00+05:30,setl_8082b2acdbafab,7613134847srhjfa,ord_b9887344acad,upi,,,false,,
pay_6737d4549e22da,payment,0,237352,239900,2159,389,false,true,2026-03-11T08:27:06+05:30,2026-03-13T10:00:00+05:30,setl_8082b2acdbafab,7613134847srhjfa,ord_7972daad93e0,card,AMEX,debit,false,,
pay_a13276e0d34151,payment,0,56534,57900,1158,208,false,true,2026-03-11T07:46:41+05:30,2026-03-13T10:00:00+05:30,setl_8082b2acdbafab,7613134847srhjfa,ord_ddc1933fabad,card,MASTERCARD,credit,false,,
pay_9f735231692159,payment,0,142372,143900,1295,233,false,true,2026-03-11T10:12:49+05:30,2026-03-13T10:00:00+05:30,setl_8082b2acdbafab,7613134847srhjfa,ord_1ec1186c97ca,card,RUPAY,debit,false,,
pay_c0eee72f72d8ee,payment,0,221900,221900,0,0,false,true,2026-03-11T14:58:29+05:30,2026-03-13T10:00:00+05:30,setl_8082b2acdbafab,7613134847srhjfa,ord_f0fa28923e54,upi,,,false,,
pay_6a233f46b75106,payment,0,175654,179900,3598,648,false,true,2026-03-11T14:35:09+05:30,2026-03-13T10:00:00+05:30,setl_8082b2acdbafab,7613134847srhjfa,ord_ad6b54a343d9,card,AMEX,credit,false,,
pay_80b46ddc6b88c0,payment,0,234238,239900,4798,864,false,true,2026-03-11T08:31:59+05:30,2026-03-13T10:00:00+05:30,setl_8082b2acdbafab,7613134847srhjfa,ord_b7c5f86a66fb,card,MASTERCARD,credit,false,,
pay_695dd86b868724,payment,0,55900,55900,0,0,false,true,2026-03-11T09:32:40+05:30,2026-03-13T10:00:00+05:30,setl_8082b2acdbafab,7613134847srhjfa,ord_a14b39e2a63e,upi,,,false,,
pay_6a39ceed6c3fc6,payment,0,98900,98900,0,0,false,true,2026-03-11T19:48:19+05:30,2026-03-13T10:00:00+05:30,setl_8082b2acdbafab,7613134847srhjfa,ord_9755db0d5b00,upi,,,false,,
pay_2209a82cd50779,payment,0,169900,169900,0,0,false,true,2026-03-11T08:45:20+05:30,2026-03-16T10:00:00+05:30,setl_4dab63f2969f35,9763647321oloivd,ord_f8f3731a0077,upi,,,false,,
pay_843d5ef1d96ed3,payment,0,119900,119900,0,0,false,true,2026-03-11T12:25:01+05:30,2026-03-13T10:00:00+05:30,setl_8082b2acdbafab,7613134847srhjfa,ord_d866c228503b,upi,,,false,,
pay_9a6aa25ac64dff,payment,0,706000,706000,0,0,false,true,2026-03-11T23:24:24+05:30,2026-03-13T10:00:00+05:30,setl_8082b2acdbafab,7613134847srhjfa,ord_6a91da6cad93,upi,,,false,,
pay_4bf8616f83009c,payment,0,149900,149900,0,0,false,true,2026-03-07T13:09:07+05:30,2026-03-13T10:00:00+05:30,setl_8082b2acdbafab,7613134847srhjfa,,upi,,,false,,
pay_0748a6ce1915eb,payment,0,128943,131900,2506,451,false,true,2026-03-12T13:12:14+05:30,2026-03-16T10:00:00+05:30,setl_4dab63f2969f35,9763647321oloivd,ord_638120afd7db,netbanking,,,false,,
pay_8a48458446f3d9,payment,0,217737,223000,4460,803,false,true,2026-03-12T07:01:14+05:30,2026-03-16T10:00:00+05:30,setl_4dab63f2969f35,9763647321oloivd,ord_1221d3fdafe6,wallet,,,false,,
pay_c3a9bc207c036b,payment,0,327386,330900,2978,536,false,true,2026-03-12T18:29:37+05:30,2026-03-16T10:00:00+05:30,setl_4dab63f2969f35,9763647321oloivd,ord_93004599f38a,card,RUPAY,debit,false,,
pay_b0a1412b10df1f,payment,0,189900,189900,0,0,false,true,2026-03-12T13:15:03+05:30,2026-03-16T10:00:00+05:30,setl_4dab63f2969f35,9763647321oloivd,ord_5d94ad7aa33e,upi,,,false,,
pay_e2c195bd79df19,payment,0,779900,779900,0,0,false,true,2026-03-12T07:21:51+05:30,2026-03-16T10:00:00+05:30,setl_4dab63f2969f35,9763647321oloivd,ord_77dfb64a15c5,upi,,,false,,
pay_e2920a4b143496,payment,0,94882,95900,863,155,false,true,2026-03-12T09:38:04+05:30,2026-03-16T10:00:00+05:30,setl_4dab63f2969f35,9763647321oloivd,ord_ea8a2d03b637,card,VISA,debit,false,,
pay_3822d2693724a0,payment,0,205194,209900,3988,718,false,true,2026-03-12T18:28:18+05:30,2026-03-16T10:00:00+05:30,setl_4dab63f2969f35,9763647321oloivd,ord_edd6e41a3397,netbanking,,,false,,
pay_1bbdab87610a61,payment,0,117070,119900,2398,432,false,true,2026-03-12T17:44:27+05:30,2026-03-16T10:00:00+05:30,setl_4dab63f2969f35,9763647321oloivd,ord_a5bb974ca6ed,card,VISA,credit,false,,
pay_85cc53657e6233,payment,0,128900,128900,0,0,false,true,2026-03-12T08:27:18+05:30,2026-03-16T10:00:00+05:30,setl_4dab63f2969f35,9763647321oloivd,ord_aa33e568cc14,upi,,,false,,
pay_92fe955c2c72db,payment,0,219900,219900,0,0,true,false,2026-03-12T15:48:43+05:30,,,,ord_9e8fc73ee48e,upi,,,false,dsp_8216a76984c7,
pay_6b52c47bd0d90c,payment,0,4149900,4149900,0,0,false,true,2026-03-12T06:06:53+05:30,2026-03-16T10:00:00+05:30,setl_4dab63f2969f35,9763647321oloivd,ord_98c8809eb22a,upi,,,false,,
pay_b701a9aef69178,payment,0,77038,78900,1578,284,false,true,2026-03-12T08:00:48+05:30,2026-03-16T10:00:00+05:30,setl_4dab63f2969f35,9763647321oloivd,ord_f06a532e1d83,upi,,,false,,
pay_b78307e8f6f65a,payment,0,759639,778000,15560,2801,false,true,2026-03-12T08:30:04+05:30,2026-03-16T10:00:00+05:30,setl_4dab63f2969f35,9763647321oloivd,ord_da535b612486,card,MASTERCARD,credit,false,,
pay_436979a08f76c6,payment,0,909900,909900,0,0,false,true,2026-03-12T09:21:50+05:30,2026-03-16T10:00:00+05:30,setl_4dab63f2969f35,9763647321oloivd,ord_ed27f3cea8da,upi,,,false,,
pay_7865c18c58ee8b,payment,0,72225,73000,657,118,false,true,2026-03-12T15:06:40+05:30,2026-03-16T10:00:00+05:30,setl_4dab63f2969f35,9763647321oloivd,ord_ce212ea045a4,card,VISA,debit,false,,
pay_9c8d0066c616f2,payment,0,629900,629900,0,0,false,true,2026-03-13T18:31:26+05:30,2026-03-17T10:00:00+05:30,setl_c50e3ad2d55505,2056589205jkllji,ord_ba01d28bfa49,upi,,,false,,
pay_16041a5ecb54a9,payment,0,199900,199900,0,0,false,true,2026-03-13T12:53:23+05:30,2026-03-17T10:00:00+05:30,setl_c50e3ad2d55505,2056589205jkllji,ord_cf08fefc0fd1,upi,,,false,,
pay_f0d48a723e7a8f,payment,0,89900,89900,0,0,false,true,2026-03-13T12:40:54+05:30,2026-03-17T10:00:00+05:30,setl_c50e3ad2d55505,2056589205jkllji,ord_1f08cd583ef9,upi,,,false,,
pay_cb0e36c3740190,payment,0,759900,759900,0,0,false,true,2026-03-13T07:31:29+05:30,2026-03-17T10:00:00+05:30,setl_c50e3ad2d55505,2056589205jkllji,ord_c64ff92122ac,upi,,,false,,
pay_2db497fba5a2b5,payment,0,751900,751900,0,0,false,true,2026-03-13T06:30:36+05:30,2026-03-17T10:00:00+05:30,setl_c50e3ad2d55505,2056589205jkllji,ord_b9a70c2369e1,upi,,,false,,
pay_81f8b24abe4981,payment,0,59900,59900,0,0,false,true,2026-03-13T09:51:10+05:30,2026-03-17T10:00:00+05:30,setl_c50e3ad2d55505,2056589205jkllji,ord_d9f062b117a0,upi,,,false,,
pay_39b6538d09b20b,payment,0,592000,592000,0,0,false,true,2026-03-13T06:58:11+05:30,2026-03-17T10:00:00+05:30,setl_c50e3ad2d55505,2056589205jkllji,ord_1696e346fa81,upi,,,false,,
pay_bf4550617b9122,payment,0,58486,59900,1198,216,false,true,2026-03-13T20:09:55+05:30,2026-03-17T10:00:00+05:30,setl_c50e3ad2d55505,2056589205jkllji,ord_dc3782eb341a,card,RUPAY,credit,false,,
pay_cd6c20a3454eee,payment,0,165890,169900,3398,612,false,true,2026-03-13T14:05:38+05:30,2026-03-17T10:00:00+05:30,setl_c50e3ad2d55505,2056589205jkllji,ord_f68d68174e25,card,VISA,credit,false,,
pay_aa05509c0c559d,payment,0,150386,152000,1368,246,false,true,2026-03-13T09:48:13+05:30,2026-03-20T10:00:00+05:30,setl_d6d23fcc538619,9752316092nwfxzc,ord_5511870ba7c4,card,MASTERCARD,debit,false,,
pay_30ef0976e53cc8,payment,0,139900,139900,0,0,false,true,2026-03-13T13:49:32+05:30,2026-03-20T10:00:00+05:30,setl_d6d23fcc538619,9752316092nwfxzc,ord_83cb41d18efb,upi,,,false,,
pay_4e6b161b9744c7,payment,0,32221,33000,660,119,false,true,2026-03-13T21:30:42+05:30,2026-03-17T10:00:00+05:30,setl_c50e3ad2d55505,2056589205jkllji,ord_9bd20d62153a,card,VISA,credit,false,,
pay_2fce4e2cfaad66,payment,0,194900,194900,0,0,false,true,2026-03-13T14:11:40+05:30,2026-03-17T10:00:00+05:30,setl_c50e3ad2d55505,2056589205jkllji,ord_82751fc421b4,upi,,,false,,
pay_38435a8d3fa215,payment,0,40900,40900,0,0,true,false,2026-03-13T22:23:03+05:30,,,,ord_16ceaea2d6a9,upi,,,false,dsp_c5e49f660023,
pay_096f9b5ec449f4,payment,0,616011,630900,12618,2271,false,true,2026-03-13T21:07:02+05:30,2026-03-17T10:00:00+05:30,setl_c50e3ad2d55505,2056589205jkllji,ord_3c22756c3d36,card,AMEX,credit,false,,
pay_a379764a22c0c3,payment,0,94980,96000,864,156,false,true,2026-03-13T11:31:14+05:30,2026-03-17T10:00:00+05:30,setl_c50e3ad2d55505,2056589205jkllji,ord_db7ab52c1213,card,VISA,debit,false,,
pay_e42ec9dc8251e2,payment,0,104900,104900,0,0,false,true,2026-03-13T12:30:09+05:30,2026-03-17T10:00:00+05:30,setl_c50e3ad2d55505,2056589205jkllji,ord_b936bdf1e156,upi,,,false,,
pay_7f9fe1f24a5165,payment,0,839900,839900,0,0,false,true,2026-03-14T10:39:04+05:30,2026-03-17T10:00:00+05:30,setl_c50e3ad2d55505,2056589205jkllji,ord_329fc01aa10a,upi,,,false,,
pay_53af5324cdf936,payment,0,126834,129900,2598,468,false,true,2026-03-14T11:38:33+05:30,2026-03-17T10:00:00+05:30,setl_c50e3ad2d55505,2056589205jkllji,ord_18016141e37c,card,VISA,credit,false,,
pay_3a92f4f7d01e89,payment,0,103786,104900,944,170,false,true,2026-03-14T11:34:19+05:30,2026-03-17T10:00:00+05:30,setl_c50e3ad2d55505,2056589205jkllji,ord_13cdaa0950cc,card,MASTERCARD,debit,false,,
pay_282cad26f12e45,payment,0,177099,179000,1611,290,true,false,2026-03-14T10:53:45+05:30,,,,ord_3c2509a5c35c,card,AMEX,debit,false,dsp_9e1167cb4edb,
pay_eca0eb026cc9cd,payment,0,149900,149900,0,0,false,true,2026-03-14T14:17:49+05:30,2026-03-17T10:00:00+05:30,setl_c50e3ad2d55505,2056589205jkllji,ord_1a00918f5dd7,upi,,,false,,
pay_66e8830300b05c,payment,0,168096,169900,1529,275,false,true,2026-03-14T08:20:56+05:30,2026-03-17T10:00:00+05:30,setl_c50e3ad2d55505,2056589205jkllji,ord_76b3817411d8,card,VISA,debit,false,,
pay_44b8cbd51362e8,payment,0,143000,143000,0,0,false,true,2026-03-14T07:54:51+05:30,2026-03-17T10:00:00+05:30,setl_c50e3ad2d55505,2056589205jkllji,ord_6cf8452d1cea,upi,,,false,,
pay_5bc17e43b4ca54,payment,0,177990,179900,1619,291,false,true,2026-03-14T09:49:16+05:30,2026-03-17T10:00:00+05:30,setl_c50e3ad2d55505,2056589205jkllji,ord_1ee88cc0f1af,card,VISA,debit,false,,
pay_fddd0c13495b6c,payment,0,105000,105000,0,0,true,false,2026-03-14T10:00:59+05:30,,,,ord_608c2b274c19,upi,,,false,dsp_94ab84904479,
pay_f3b4c59cfc62cf,payment,0,105864,107000,963,173,false,true,2026-03-14T20:06:08+05:30,2026-03-17T10:00:00+05:30,setl_c50e3ad2d55505,2056589205jkllji,ord_ddb6ff3b88c8,card,AMEX,debit,false,,
pay_54a222e336c9c5,payment,0,47000,47000,0,0,false,true,2026-03-14T13:25:14+05:30,2026-03-17T10:00:00+05:30,setl_c50e3ad2d55505,2056589205jkllji,ord_d57f461f188f,upi,,,false,,
pay_028dd1577e4dcb,payment,0,58486,59900,1198,216,false,true,2026-03-14T23:01:06+05:30,2026-03-17T10:00:00+05:30,setl_c50e3ad2d55505,2056589205jkllji,ord_1fa0cb1a9498,card,VISA,credit,false,,
pay_79a09b1efa3495,payment,0,81139,83000,1577,284,false,true,2026-03-14T08:12:30+05:30,2026-03-17T10:00:00+05:30,setl_c50e3ad2d55505,2056589205jkllji,ord_d57eee71eea1,netbanking,,,false,,
pay_4d0e861351b1c9,payment,0,234238,239900,4798,864,false,true,2026-03-14T21:36:33+05:30,2026-03-17T10:00:00+05:30,setl_c50e3ad2d55505,2056589205jkllji,ord_2b327a2d1523,card,AMEX,credit,false,,
pay_dcc66b94295dfa,payment,0,38586,39000,351,63,false,true,2026-03-15T10:52:59+05:30,2026-03-17T10:00:00+05:30,setl_c50e3ad2d55505,2056589205jkllji,ord_c07e03fc510f,card,VISA,debit,false,,
pay_070bcc95e3b57a,payment,0,140000,140000,0,0,false,true,2026-03-15T19:22:55+05:30,2026-03-17T10:00:00+05:30,setl_c50e3ad2d55505,2056589205jkllji,ord_5942cee5030f,upi,,,false,,
pay_b0d05ff747373a,payment,0,163000,163000,0,0,false,true,2026-03-15T14:57:23+05:30,2026-03-17T10:00:00+05:30,setl_c50e3ad2d55505,2056589205jkllji,ord_36486eea2fa1,upi,,,false,,
pay_2ee96a2e98a852,payment,0,79900,79900,0,0,false,true,2026-03-15T16:46:37+05:30,2026-03-17T10:00:00+05:30,setl_c50e3ad2d55505,2056589205jkllji,ord_c93400362506,upi,,,false,,
pay_7ac934eff1d35c,payment,0,141900,141900,0,0,false,true,2026-03-15T07:03:06+05:30,2026-03-17T10:00:00+05:30,setl_c50e3ad2d55505,2056589205jkllji,ord_35178babdf8e,upi,,,false,,
pay_0d6053108f9767,payment,0,159900,159900,0,0,false,true,2026-03-15T20:30:18+05:30,2026-03-17T10:00:00+05:30,setl_c50e3ad2d55505,2056589205jkllji,ord_d0c0e11d06cc,upi,,,false,,
pay_74426f5389b633,payment,0,245000,245000,0,0,false,true,2026-03-15T21:38:02+05:30,2026-03-17T10:00:00+05:30,setl_c50e3ad2d55505,2056589205jkllji,ord_0c3f23239357,upi,,,false,,
pay_db90274dd3589c,payment,0,693000,693000,0,0,false,true,2026-03-15T15:43:45+05:30,2026-03-17T10:00:00+05:30,setl_c50e3ad2d55505,2056589205jkllji,ord_db04974469ec,upi,,,false,,
pay_14a7e15f359f03,payment,0,853330,872900,16585,2985,false,true,2026-03-15T22:49:13+05:30,2026-03-17T10:00:00+05:30,setl_c50e3ad2d55505,2056589205jkllji,ord_e302461e277a,netbanking,,,false,,
pay_5ffc6a595aa615,payment,0,1357098,1389900,27798,5004,false,true,2026-03-15T19:13:30+05:30,2026-03-17T10:00:00+05:30,setl_c50e3ad2d55505,2056589205jkllji,ord_667053e07ab9,card,VISA,credit,false,,
pay_9bdbd4fd7cae10,payment,0,979900,979900,0,0,false,true,2026-03-15T11:31:29+05:30,2026-03-17T10:00:00+05:30,setl_c50e3ad2d55505,2056589205jkllji,ord_4057c20a97db,upi,,,false,,
pay_7083a26632eff2,payment,0,282521,289000,5491,988,false,true,2026-03-16T16:23:00+05:30,2026-03-18T10:00:00+05:30,setl_6a8e3766737896,3735322288gthaon,ord_dc099455b2cd,netbanking,,,false,,
pay_3c82956a63999e,payment,0,89900,89900,0,0,false,true,2026-03-16T14:35:45+05:30,2026-03-18T10:00:00+05:30,setl_6a8e3766737896,3735322288gthaon,ord_179b9c1de7fe,upi,,,false,,
pay_c6e2fc1ef6f066,payment,0,78000,78000,0,0,false,true,2026-03-16T07:40:36+05:30,2026-03-18T10:00:00+05:30,setl_6a8e3766737896,3735322288gthaon,ord_3a1bf441fe57,upi,,,false,,
pay_9837774c65f584,payment,0,151900,151900,0,0,false,true,2026-03-16T22:43:12+05:30,2026-03-18T10:00:00+05:30,setl_6a8e3766737896,3735322288gthaon,ord_c1aa2f83387e,upi,,,false,,
pay_caa121a7dccb70,payment,0,129900,129900,0,0,false,true,2026-03-16T07:59:34+05:30,2026-03-18T10:00:00+05:30,setl_6a8e3766737896,3735322288gthaon,ord_8fda9bce6610,upi,,,false,,
pay_367f6af91e1ea4,payment,0,128943,131900,2506,451,false,true,2026-03-16T07:05:46+05:30,2026-03-18T10:00:00+05:30,setl_6a8e3766737896,3735322288gthaon,ord_7ff3fc097c59,netbanking,,,false,,
pay_e114d3296c3cd7,payment,0,500423,511900,9726,1751,false,true,2026-03-16T22:35:11+05:30,2026-03-18T10:00:00+05:30,setl_6a8e3766737896,3735322288gthaon,ord_e31e2b0420b8,netbanking,,,false,,
pay_ba015140c001b7,payment,0,528900,528900,0,0,false,true,2026-03-16T10:06:21+05:30,2026-03-18T10:00:00+05:30,setl_6a8e3766737896,3735322288gthaon,ord_e5ffe6bc85bd,upi,,,false,,
pay_fc82dd62cdd437,payment,0,777214,796000,15920,2866,false,true,2026-03-16T13:41:57+05:30,2026-03-18T10:00:00+05:30,setl_6a8e3766737896,3735322288gthaon,ord_7fb6b8b2d696,card,AMEX,credit,false,,
pay_377e107b6da205,payment,0,79052,79900,719,129,false,true,2026-03-16T10:18:05+05:30,2026-03-18T10:00:00+05:30,setl_6a8e3766737896,3735322288gthaon,ord_6905c20287db,card,VISA,debit,false,,
pay_02867e42724a07,payment,0,229900,229900,0,0,false,true,2026-03-16T06:52:51+05:30,2026-03-18T10:00:00+05:30,setl_6a8e3766737896,3735322288gthaon,ord_f179c390fed8,upi,,,false,,
pay_2f1450ae0d990a,payment,0,801518,819900,15578,2804,false,true,2026-03-16T06:39:15+05:30,2026-03-18T10:00:00+05:30,setl_6a8e3766737896,3735322288gthaon,ord_ecf39808903b,netbanking,,,false,,
pay_7fcfe1a6aeb03c,payment,0,217565,219900,1979,356,false,true,2026-03-17T10:15:11+05:30,2026-03-19T10:00:00+05:30,setl_0a225c5ab2acd3,6439240951mlfjax,ord_f92b290226fc,card,VISA,debit,false,,
pay_70ccb82be57552,payment,0,152000,152000,0,0,false,true,2026-03-17T10:04:44+05:30,2026-03-19T10:00:00+05:30,setl_0a225c5ab2acd3,6439240951mlfjax,ord_a3073f88fd79,upi,,,false,,
pay_5367489b8c151e,payment,0,346000,346000,0,0,false,true,2026-03-17T19:28:50+05:30,2026-03-19T10:00:00+05:30,setl_0a225c5ab2acd3,6439240951mlfjax,ord_09c7e7d1e631,upi,,,false,,
pay_ce92022c4aa704,payment,0,41900,41900,0,0,false,true,2026-03-17T21:30:24+05:30,2026-03-19T10:00:00+05:30,setl_0a225c5ab2acd3,6439240951mlfjax,ord_d63b401afb31,upi,,,false,,
pay_f21c974046dc17,payment,0,103526,105900,2012,362,false,true,2026-03-17T08:54:01+05:30,2026-03-19T10:00:00+05:30,setl_0a225c5ab2acd3,6439240951mlfjax,ord_c93d8d4f69f9,netbanking,,,false,,
pay_98b8f55ed0fd65,payment,0,214710,219900,4398,792,false,true,2026-03-17T15:43:57+05:30,2026-03-19T10:00:00+05:30,setl_0a225c5ab2acd3,6439240951mlfjax,ord_61cc8af918eb,wallet,,,false,,
pay_56a342c043e92a,payment,0,213000,213000,0,0,false,true,2026-03-17T16:11:06+05:30,2026-03-19T10:00:00+05:30,setl_0a225c5ab2acd3,6439240951mlfjax,ord_62de06b5b09b,upi,,,false,,
pay_384458d149b58a,payment,0,69900,69900,0,0,false,true,2026-03-17T09:45:38+05:30,2026-03-19T10:00:00+05:30,setl_0a225c5ab2acd3,6439240951mlfjax,ord_41bf76d157b1,upi,,,false,,
pay_efabbcaf56c93c,payment,0,99900,99900,0,0,false,true,2026-03-17T18:18:45+05:30,2026-03-19T10:00:00+05:30,setl_0a225c5ab2acd3,6439240951mlfjax,ord_a88ea503c90d,upi,,,false,,
pay_374e0a5a7172cc,payment,0,215948,220900,4197,755,false,true,2026-03-17T08:56:08+05:30,2026-03-19T10:00:00+05:30,setl_0a225c5ab2acd3,6439240951mlfjax,ord_145df0135219,netbanking,,,false,,
pay_c6797490153dba,payment,0,2179906,2229900,42368,7626,false,true,2026-03-17T16:35:26+05:30,2026-03-19T10:00:00+05:30,setl_0a225c5ab2acd3,6439240951mlfjax,ord_8098ac57a964,netbanking,,,false,,
pay_78fc8e85abbff5,payment,0,744904,752900,6776,1220,false,true,2026-03-17T10:30:18+05:30,2026-03-19T10:00:00+05:30,setl_0a225c5ab2acd3,6439240951mlfjax,ord_d2a54540f85a,card,AMEX,debit,false,,
pay_8b27dc34511a1c,payment,0,102900,102900,0,0,false,true,2026-03-17T09:00:25+05:30,2026-03-19T10:00:00+05:30,setl_0a225c5ab2acd3,6439240951mlfjax,ord_7110c8377f36,upi,,,false,,
pay_a9c06964f226a9,payment,0,884521,905900,18118,3261,false,true,2026-03-18T16:13:24+05:30,2026-03-20T10:00:00+05:30,setl_d6d23fcc538619,9752316092nwfxzc,ord_911687791411,wallet,,,false,,
pay_ea66207c8e8d5c,payment,0,255900,255900,0,0,false,true,2026-03-18T20:42:42+05:30,2026-03-23T10:00:00+05:30,setl_d241d0314c3523,5905093074moifjr,ord_68778b57c772,upi,,,false,,
pay_f3bf2157a403b2,payment,0,99900,99900,0,0,false,true,2026-03-18T22:47:51+05:30,2026-03-20T10:00:00+05:30,setl_d6d23fcc538619,9752316092nwfxzc,ord_a5ac10e945d5,upi,,,false,,
pay_7388d33a6bcd74,payment,0,89900,89900,0,0,false,true,2026-03-18T20:44:06+05:30,2026-03-20T10:00:00+05:30,setl_d6d23fcc538619,9752316092nwfxzc,ord_68d644a8904b,upi,,,false,,
pay_4e178521a04c0f,payment,0,119900,119900,0,0,false,true,2026-03-18T12:09:14+05:30,2026-03-20T10:00:00+05:30,setl_d6d23fcc538619,9752316092nwfxzc,ord_4bc92d245f15,upi,,,false,,
pay_a546171b05d225,payment,0,228448,230900,2078,374,false,true,2026-03-18T06:53:30+05:30,2026-03-20T10:00:00+05:30,setl_d6d23fcc538619,9752316092nwfxzc,ord_d70c90765374,card,VISA,debit,false,,
pay_98f5142bb0c75f,payment,0,321526,328900,6249,1125,false,true,2026-03-18T10:21:00+05:30,2026-03-20T10:00:00+05:30,setl_d6d23fcc538619,9752316092nwfxzc,ord_89775546a2bb,netbanking,,,false,,
pay_5e77288fdf1361,payment,0,69900,69900,0,0,false,true,2026-03-18T13:27:47+05:30,2026-03-20T10:00:00+05:30,setl_d6d23fcc538619,9752316092nwfxzc,ord_64c56eb3ff17,upi,,,false,,
pay_c3f5edaee4bc53,payment,0,109900,109900,0,0,false,true,2026-03-18T07:06:38+05:30,2026-03-20T10:00:00+05:30,setl_d6d23fcc538619,9752316092nwfxzc,ord_1fe969d6c814,upi,,,false,,
pay_a772a6ef2ccdc8,payment,0,224474,229900,4598,828,false,true,2026-03-18T11:42:59+05:30,2026-03-20T10:00:00+05:30,setl_d6d23fcc538619,9752316092nwfxzc,ord_6310322a071c,wallet,,,false,,
pay_4327601c43672a,payment,0,196000,196000,0,0,false,true,2026-03-18T11:18:31+05:30,2026-03-20T10:00:00+05:30,setl_d6d23fcc538619,9752316092nwfxzc,ord_41009e8cf7d9,upi,,,false,,
pay_6e91c3efe77232,payment,0,227459,229900,2069,372,false,true,2026-03-18T13:15:08+05:30,2026-03-20T10:00:00+05:30,setl_d6d23fcc538619,9752316092nwfxzc,ord_8fb5f4c983f6,card,AMEX,debit,false,,
pay_fd04e97a8d0d0e,payment,0,145000,145000,0,0,false,true,2026-03-18T12:19:36+05:30,2026-03-20T10:00:00+05:30,setl_d6d23fcc538619,9752316092nwfxzc,ord_73948ab1c846,upi,,,false,,
pay_f758f9fd09b291,payment,0,513000,513000,0,0,true,false,2026-03-18T20:02:41+05:30,,,,ord_b5937b14d659,upi,,,false,dsp_1d72415fc3a8,
pay_4c597460ee3d11,payment,0,48722,49900,998,180,false,true,2026-03-19T13:06:15+05:30,2026-03-23T10:00:00+05:30,setl_d241d0314c3523,5905093074moifjr,ord_bacec316a7ff,card,AMEX,credit,false,,
pay_fbf6bdb0493e97,payment,0,95900,95900,0,0,false,true,2026-03-19T06:07:00+05:30,2026-03-23T10:00:00+05:30,setl_d241d0314c3523,5905093074moifjr,ord_80fd0ce2e9e2,upi,,,false,,
pay_92f2c6a1df9be1,payment,0,5163574,5219000,46971,8455,false,true,2026-03-19T18:05:00+05:30,2026-03-23T10:00:00+05:30,setl_d241d0314c3523,5905093074moifjr,ord_38f0afdb3e32,card,RUPAY,debit,false,,
pay_d72ad80da49f87,payment,0,478436,490000,9800,1764,false,true,2026-03-19T10:57:29+05:30,2026-03-23T10:00:00+05:30,setl_d241d0314c3523,5905093074moifjr,ord_4059de52e32d,wallet,,,false,,
pay_ec85fc8dc9068f,payment,0,74203,75000,675,122,false,true,2026-03-19T18:29:58+05:30,2026-03-23T10:00:00+05:30,setl_d241d0314c3523,5905093074moifjr,ord_594e26b62d9b,card,AMEX,debit,false,,
pay_2d24c6741bbb6f,payment,0,205000,205000,0,0,false,true,2026-03-19T16:16:46+05:30,2026-03-23T10:00:00+05:30,setl_d241d0314c3523,5905093074moifjr,ord_c8eb1c6f0c60,upi,,,false,,
pay_ae6de436961fe8,payment,0,79900,79900,0,0,false,true,2026-03-19T22:33:30+05:30,2026-03-23T10:00:00+05:30,setl_d241d0314c3523,5905093074moifjr,ord_2466a818b9bb,upi,,,false,,
pay_7a36eca106a864,payment,0,771258,789900,15798,2844,false,true,2026-03-19T09:57:52+05:30,2026-03-23T10:00:00+05:30,setl_d241d0314c3523,5905093074moifjr,ord_0c92b7f233b1,card,VISA,credit,false,,
pay_d6630c3d497867,payment,0,68250,69900,1398,252,false,true,2026-03-19T17:25:27+05:30,2026-03-23T10:00:00+05:30,setl_d241d0314c3523,5905093074moifjr,ord_64e1643d27c8,card,RUPAY,credit,false,,
pay_ea2cb1d5994656,payment,0,135720,139000,2780,500,false,true,2026-03-19T23:18:24+05:30,2026-03-23T10:00:00+05:30,setl_d241d0314c3523,5905093074moifjr,ord_554041ea9be7,card,VISA,credit,false,,
pay_880ddf67827af7,payment,0,154000,154000,0,0,false,true,2026-03-19T16:27:29+05:30,2026-03-23T10:00:00+05:30,setl_d241d0314c3523,5905093074moifjr,ord_3c2164bd9907,upi,,,false,,
pay_bea12af0313dd8,payment,0,976302,999900,19998,3600,false,true,2026-03-19T13:15:58+05:30,2026-03-23T10:00:00+05:30,setl_d241d0314c3523,5905093074moifjr,ord_8cede2fc415e,wallet,,,false,,
pay_75e50888b2d830,payment,0,249900,249900,0,0,false,true,2026-03-19T06:12:46+05:30,2026-03-23T10:00:00+05:30,setl_d241d0314c3523,5905093074moifjr,ord_212bc907e202,upi,,,false,,
pay_347d373757bb8a,payment,0,292822,299900,5998,1080,false,true,2026-03-19T09:43:52+05:30,2026-03-23T10:00:00+05:30,setl_d241d0314c3523,5905093074moifjr,ord_469fd0bab6b9,card,VISA,credit,false,,
pay_167b50cdb2df8c,payment,0,197900,197900,0,0,false,true,2026-03-19T22:49:45+05:30,2026-03-23T10:00:00+05:30,setl_d241d0314c3523,5905093074moifjr,ord_03bba8531dbf,upi,,,false,,
pay_6a7b0a2fd9e69e,payment,0,87000,87000,0,0,false,true,2026-03-20T19:19:14+05:30,2026-03-24T10:00:00+05:30,setl_26619a6b042052,7457066185afetqi,ord_bf211e62a783,upi,,,false,,
pay_31fa5230da0af8,payment,0,163256,167000,3173,571,false,true,2026-03-20T13:38:21+05:30,2026-03-24T10:00:00+05:30,setl_26619a6b042052,7457066185afetqi,ord_d6a073f6bf51,netbanking,,,false,,
pay_7273951dc635a0,payment,0,174678,178900,3578,644,false,true,2026-03-20T11:20:10+05:30,2026-03-24T10:00:00+05:30,setl_26619a6b042052,7457066185afetqi,ord_f9ed341217f1,card,VISA,credit,false,,
pay_9a9a263b2a4aea,payment,0,879900,879900,0,0,false,true,2026-03-20T15:09:56+05:30,2026-03-24T10:00:00+05:30,setl_26619a6b042052,7457066185afetqi,ord_a83077f4ccdb,upi,,,false,,
pay_a5c8c0b2033db6,payment,0,133000,133000,0,0,false,true,2026-03-20T11:19:16+05:30,2026-03-24T10:00:00+05:30,setl_26619a6b042052,7457066185afetqi,ord_d8f4a3849c9e,upi,,,false,,
pay_6febb932fa4c20,payment,0,140900,140900,0,0,true,false,2026-03-20T17:36:39+05:30,,,,ord_0a6a06653e8c,upi,,,false,dsp_939e12f9654f,
pay_59e2d47b995bd2,payment,0,837000,837000,0,0,false,true,2026-03-20T13:37:32+05:30,2026-03-24T10:00:00+05:30,setl_26619a6b042052,7457066185afetqi,ord_f0547d10b659,upi,,,false,,
pay_083cfdff78ab79,payment,0,187000,187000,0,0,false,true,2026-03-20T18:46:41+05:30,2026-03-24T10:00:00+05:30,setl_26619a6b042052,7457066185afetqi,ord_ee4999ee2497,upi,,,false,,
pay_bbab51214b0bca,payment,0,4579218,4689900,93798,16884,false,true,2026-03-20T22:55:43+05:30,2026-03-24T10:00:00+05:30,setl_26619a6b042052,7457066185afetqi,ord_40e030a8fb22,wallet,,,false,,
pay_3ef22466d1cf46,payment,0,230900,230900,0,0,false,true,2026-03-20T23:04:07+05:30,2026-03-24T10:00:00+05:30,setl_26619a6b042052,7457066185afetqi,ord_7b06479394d7,upi,,,false,,
pay_95e0415efa745c,payment,0,74206,76000,1520,274,false,true,2026-03-20T21:40:57+05:30,2026-03-24T10:00:00+05:30,setl_26619a6b042052,7457066185afetqi,ord_2d85f522e452,wallet,,,false,,
pay_d7facd76ad24fa,payment,0,546784,560000,11200,2016,false,true,2026-03-20T19:12:11+05:30,2026-03-24T10:00:00+05:30,setl_26619a6b042052,7457066185afetqi,ord_6c99b59a3076,card,VISA,credit,false,,
pay_ea058154b3c065,payment,0,39900,39900,0,0,false,true,2026-03-20T09:13:17+05:30,2026-03-24T10:00:00+05:30,setl_26619a6b042052,7457066185afetqi,ord_9d231264c47b,upi,,,false,,
pay_d08a17ad1644d6,payment,0,419497,424000,3816,687,false,true,2026-03-21T21:27:05+05:30,2026-03-24T10:00:00+05:30,setl_26619a6b042052,7457066185afetqi,ord_88b7485f048e,card,VISA,debit,false,,
pay_3357229e5a907b,payment,0,137900,137900,0,0,false,true,2026-03-21T06:14:35+05:30,2026-03-24T10:00:00+05:30,setl_26619a6b042052,7457066185afetqi,ord_1a0a00827c31,upi,,,false,,
pay_adf610322a4efd,payment,0,962000,962000,0,0,false,true,2026-03-21T06:38:03+05:30,2026-03-24T10:00:00+05:30,setl_26619a6b042052,7457066185afetqi,ord_e2a074a61b59,upi,,,false,,
pay_c93286c4d54c46,payment,0,214710,219900,4398,792,false,true,2026-03-21T11:36:22+05:30,2026-03-24T10:00:00+05:30,setl_26619a6b042052,7457066185afetqi,ord_f872a626bc3f,card,RUPAY,credit,false,,
pay_fffd8a4507f514,payment,0,328900,328900,0,0,false,true,2026-03-21T10:15:49+05:30,2026-03-24T10:00:00+05:30,setl_26619a6b042052,7457066185afetqi,ord_40120b606b03,upi,,,false,,
pay_d235a50a0558d1,payment,0,886484,896000,8064,1452,false,true,2026-03-21T23:35:47+05:30,2026-03-24T10:00:00+05:30,setl_26619a6b042052,7457066185afetqi,ord_8aab7c2cdae9,card,AMEX,debit,false,,
pay_6b0bbf01ac1ec2,payment,0,227557,230000,2070,373,false,true,2026-03-21T18:03:18+05:30,2026-03-24T10:00:00+05:30,setl_26619a6b042052,7457066185afetqi,ord_01be5a51a678,card,AMEX,debit,false,,
pay_3c588da57e29b6,payment,0,245267,247900,2231,402,false,true,2026-03-21T11:45:17+05:30,2026-03-24T10:00:00+05:30,setl_26619a6b042052,7457066185afetqi,ord_a04c25262246,card,RUPAY,debit,false,,
pay_d8fefe9bc12b7c,payment,0,176942,181000,3439,619,false,true,2026-03-21T19:28:22+05:30,2026-03-24T10:00:00+05:30,setl_26619a6b042052,7457066185afetqi,ord_6dca2b497483,netbanking,,,false,,
pay_c130d61da2d064,payment,0,46900,46900,0,0,false,true,2026-03-21T19:22:04+05:30,2026-03-24T10:00:00+05:30,setl_26619a6b042052,7457066185afetqi,ord_761b9e37c4bc,upi,,,false,,
pay_05aede67fbdad1,payment,0,89731,91900,1838,331,false,true,2026-03-21T19:46:18+05:30,2026-03-24T10:00:00+05:30,setl_26619a6b042052,7457066185afetqi,ord_a1acb2ced634,card,MASTERCARD,credit,false,,
pay_421abf8c6aa31b,payment,0,76000,76000,0,0,false,true,2026-03-21T17:55:02+05:30,2026-03-24T10:00:00+05:30,setl_26619a6b042052,7457066185afetqi,ord_31f85e1ef111,upi,,,false,,
pay_ab5ff7c2a69f1e,payment,0,39000,39000,0,0,false,true,2026-03-21T13:09:38+05:30,2026-03-24T10:00:00+05:30,setl_26619a6b042052,7457066185afetqi,ord_5e968f71e798,upi,,,false,,
pay_1cd6e59727a5e0,payment,0,197471,202000,3838,691,false,true,2026-03-21T21:29:14+05:30,2026-03-24T10:00:00+05:30,setl_26619a6b042052,7457066185afetqi,ord_1c6f5ae05ef5,netbanking,,,false,,
pay_c28b972567d5aa,payment,0,129900,129900,0,0,false,true,2026-03-22T14:28:01+05:30,2026-03-24T10:00:00+05:30,setl_26619a6b042052,7457066185afetqi,ord_3690341afc59,upi,,,false,,
pay_000372219af2c1,payment,0,139900,139900,0,0,true,false,2026-03-22T18:28:04+05:30,,,,ord_4d9f03044078,upi,,,false,dsp_b15e11b01752,
pay_80877e8d2d5c6f,payment,0,2492652,2552900,51058,9190,false,true,2026-03-22T19:36:49+05:30,2026-03-24T10:00:00+05:30,setl_26619a6b042052,7457066185afetqi,ord_e02a31bf63a3,card,AMEX,credit,false,,
pay_222e49fa308145,payment,0,281147,287595,5464,984,false,true,2026-03-22T11:16:01+05:30,2026-03-24T10:00:00+05:30,setl_26619a6b042052,7457066185afetqi,ord_a7b8a7e71d21,netbanking,,,false,,
pay_88c3c8298d2530,payment,0,45900,45900,0,0,false,true,2026-03-22T12:12:24+05:30,2026-03-24T10:00:00+05:30,setl_26619a6b042052,7457066185afetqi,ord_49d78609b16c,upi,,,false,,
pay_b026b0489a5071,payment,0,190000,190000,0,0,false,true,2026-03-22T16:35:23+05:30,2026-03-24T10:00:00+05:30,setl_26619a6b042052,7457066185afetqi,ord_9639c914c9c3,upi,,,false,,
pay_cdfbbfd1a2ccaa,payment,0,223866,229000,4351,783,false,true,2026-03-22T09:16:38+05:30,2026-03-24T10:00:00+05:30,setl_26619a6b042052,7457066185afetqi,ord_a498a03a406a,netbanking,,,false,,
pay_e857d2ab12e147,payment,0,416430,420900,3788,682,false,true,2026-03-22T22:54:11+05:30,2026-03-24T10:00:00+05:30,setl_26619a6b042052,7457066185afetqi,ord_a02866c61b50,card,RUPAY,debit,false,,
pay_fc5b4c1aef4091,payment,0,873780,894900,17898,3222,false,true,2026-03-22T16:03:31+05:30,2026-03-24T10:00:00+05:30,setl_26619a6b042052,7457066185afetqi,ord_1b8f6fec3ce0,wallet,,,false,,
pay_46a2e296711db0,payment,0,185643,189900,3608,649,false,true,2026-03-22T13:54:34+05:30,2026-03-24T10:00:00+05:30,setl_26619a6b042052,7457066185afetqi,ord_d882d8a182c0,netbanking,,,false,,
pay_35f6b99efd7814,payment,0,56900,56900,0,0,false,true,2026-03-22T21:20:18+05:30,2026-03-24T10:00:00+05:30,setl_26619a6b042052,7457066185afetqi,ord_546d05e4fec2,upi,,,false,,
pay_2394598d147e40,payment,0,79900,79900,0,0,false,true,2026-03-22T10:28:21+05:30,2026-03-24T10:00:00+05:30,setl_26619a6b042052,7457066185afetqi,ord_1120242680ba,upi,,,false,,
pay_ac255134dae613,payment,0,169000,169000,0,0,false,true,2026-03-22T17:11:31+05:30,2026-03-24T10:00:00+05:30,setl_26619a6b042052,7457066185afetqi,ord_204b82d680e1,upi,,,false,,
rfnd_e2a2e9bd0419a3,refund,63742,0,63742,0,0,false,true,2026-03-14T04:23:11+05:30,2026-03-17T10:00:00+05:30,setl_c50e3ad2d55505,2056589205jkllji,ord_199a4ba9a00c,upi,,,false,,
rfnd_a36ebff07db564,refund,13952,0,13952,0,0,false,true,2026-03-13T20:07:44+05:30,2026-03-17T10:00:00+05:30,setl_c50e3ad2d55505,2056589205jkllji,ord_a9277735cb82,upi,,,false,,
rfnd_96194e08f60dd5,refund,39900,0,39900,0,0,false,true,2026-03-12T09:14:04+05:30,2026-03-16T10:00:00+05:30,setl_4dab63f2969f35,9763647321oloivd,ord_e1537b284bc5,netbanking,,,false,,
rfnd_3837bc7093aea9,refund,218000,0,218000,0,0,false,true,2026-03-10T06:45:58+05:30,2026-03-12T10:00:00+05:30,setl_4f78878440f3ef,1097215850nnvwog,ord_b45110baafa5,upi,,,false,,
rfnd_695476a8130447,refund,312671,0,312671,0,0,false,true,2026-03-13T22:48:29+05:30,2026-03-17T10:00:00+05:30,setl_c50e3ad2d55505,2056589205jkllji,ord_505e4318863d,upi,,,false,,
rfnd_40a0d5f83f9c00,refund,792000,0,792000,0,0,false,true,2026-03-09T06:11:25+05:30,2026-03-11T10:00:00+05:30,setl_0d58af936c994c,1051223431xtzdsm,ord_fe4b3427fa07,upi,,,false,,
rfnd_44c4882022727b,refund,25623,0,25623,0,0,false,true,2026-03-11T03:40:27+05:30,2026-03-13T10:00:00+05:30,setl_8082b2acdbafab,7613134847srhjfa,ord_0f9a67b3ca04,upi,,,false,,
rfnd_1cec8adf47196c,refund,708900,0,708900,0,0,false,true,2026-03-10T13:20:24+05:30,2026-03-12T10:00:00+05:30,setl_4f78878440f3ef,1097215850nnvwog,ord_4a82c84ba90e,upi,,,false,,
rfnd_757c0354dceda2,refund,214900,0,214900,0,0,false,true,2026-03-16T22:07:30+05:30,2026-03-18T10:00:00+05:30,setl_6a8e3766737896,3735322288gthaon,ord_4b6d9b73b9cf,upi,,,false,,
rfnd_f87c641d139936,refund,60914,0,60914,0,0,false,true,2026-03-10T13:30:29+05:30,2026-03-12T10:00:00+05:30,setl_4f78878440f3ef,1097215850nnvwog,ord_fc59a2e444f2,card,RUPAY,debit,false,,
rfnd_856c6cbb72843b,refund,196900,0,196900,0,0,false,true,2026-03-09T10:57:03+05:30,2026-03-11T10:00:00+05:30,setl_0d58af936c994c,1051223431xtzdsm,ord_fe468f4a2282,upi,,,false,,
rfnd_06ab55691af70f,refund,115036,0,115036,0,0,false,true,2026-03-12T09:17:09+05:30,2026-03-16T10:00:00+05:30,setl_4dab63f2969f35,9763647321oloivd,ord_f283aea2d217,upi,,,false,,
rfnd_c4fbb206eec867,refund,219900,0,219900,0,0,false,true,2026-03-14T09:31:03+05:30,2026-03-17T10:00:00+05:30,setl_c50e3ad2d55505,2056589205jkllji,ord_a20b88b4ba23,upi,,,false,,
rfnd_b5b9745ca11bf2,refund,459694,0,459694,0,0,false,true,2026-03-19T02:31:02+05:30,2026-03-23T10:00:00+05:30,setl_d241d0314c3523,5905093074moifjr,ord_12cc3d6cadb4,card,RUPAY,debit,false,,
rfnd_36b2d45ec8c34c,refund,77936,0,77936,0,0,false,true,2026-03-16T10:51:19+05:30,2026-03-18T10:00:00+05:30,setl_6a8e3766737896,3735322288gthaon,ord_69b94fc27de2,upi,,,false,,
rfnd_2bb6b3f6414882,refund,98302,0,98302,0,0,false,true,2026-03-14T00:44:41+05:30,2026-03-17T10:00:00+05:30,setl_c50e3ad2d55505,2056589205jkllji,ord_f0fa28923e54,upi,,,false,,
rfnd_149c668b8d68e8,refund,352062,0,352062,0,0,false,true,2026-03-14T13:55:29+05:30,2026-03-17T10:00:00+05:30,setl_c50e3ad2d55505,2056589205jkllji,ord_1696e346fa81,upi,,,false,,
rfnd_081f7e5bad7f05,refund,52765,0,52765,0,0,false,true,2026-03-25T13:32:57+05:30,2026-03-24T10:00:00+05:30,setl_26619a6b042052,7457066185afetqi,ord_1a00918f5dd7,upi,,,false,,
rfnd_13a74e01150bee,refund,79900,0,79900,0,0,false,true,2026-03-25T10:13:11+05:30,2026-03-24T10:00:00+05:30,setl_26619a6b042052,7457066185afetqi,ord_c93400362506,upi,,,false,,
rfnd_d881b2eef7b513,refund,131900,0,131900,0,0,false,true,2026-03-26T20:54:53+05:30,2026-03-24T10:00:00+05:30,setl_26619a6b042052,7457066185afetqi,ord_7ff3fc097c59,netbanking,,,false,,
rfnd_4f593dcdc6cf5e,refund,58510,0,58510,0,0,false,true,2026-03-22T05:28:21+05:30,2026-03-24T10:00:00+05:30,setl_26619a6b042052,7457066185afetqi,ord_f179c390fed8,upi,,,false,,
rfnd_97b338afdf5913,refund,340422,0,340422,0,0,false,true,2026-03-23T19:10:41+05:30,2026-03-24T10:00:00+05:30,setl_26619a6b042052,7457066185afetqi,ord_ecf39808903b,netbanking,,,false,,
rfnd_04d2ee11d844e5,refund,90929,0,90929,0,0,false,true,2026-03-21T06:28:21+05:30,2026-03-24T10:00:00+05:30,setl_26619a6b042052,7457066185afetqi,ord_09c7e7d1e631,upi,,,false,,
rfnd_d154075646781c,refund,220900,0,220900,0,0,false,true,2026-03-25T00:40:40+05:30,2026-03-24T10:00:00+05:30,setl_26619a6b042052,7457066185afetqi,ord_145df0135219,netbanking,,,false,,
rfnd_da5c1f1440e447,refund,328900,0,328900,0,0,false,true,2026-03-27T03:10:38+05:30,2026-03-24T10:00:00+05:30,setl_26619a6b042052,7457066185afetqi,ord_40120b606b03,upi,,,false,,
rfnd_e9163abb7d7c85,refund,46900,0,46900,0,0,false,true,2026-03-31T16:50:59+05:30,2026-03-24T10:00:00+05:30,setl_26619a6b042052,7457066185afetqi,ord_761b9e37c4bc,upi,,,false,,
rfnd_b62a2956af2611,refund,202000,0,202000,0,0,false,true,2026-03-23T06:18:02+05:30,2026-03-24T10:00:00+05:30,setl_26619a6b042052,7457066185afetqi,ord_1c6f5ae05ef5,netbanking,,,false,,
rfnd_84dbb9b8f9749a,refund,45900,0,45900,0,0,false,true,2026-03-28T06:02:12+05:30,2026-03-24T10:00:00+05:30,setl_26619a6b042052,7457066185afetqi,ord_49d78609b16c,upi,,,false,,
rfnd_08c75b2c72b57a,refund,81448,0,81448,0,0,false,true,2026-03-26T06:08:39+05:30,2026-03-24T10:00:00+05:30,setl_26619a6b042052,7457066185afetqi,ord_d882d8a182c0,netbanking,,,false,,
adj_ef62a3f5432d21,adjustment,356209,0,356209,0,0,false,true,2026-03-08T23:00:00+05:30,2026-03-10T10:00:00+05:30,setl_d62597b893494b,8037500912tbqhgc,,,,,false,,TDS 194O DEDUCTION - 1% ON GROSS SALES WK1
adj_703c8e8b21a362,adjustment,362832,0,362832,0,0,false,true,2026-03-15T23:00:00+05:30,2026-03-17T10:00:00+05:30,setl_c50e3ad2d55505,2056589205jkllji,,,,,false,,TDS 194O DEDUCTION - 1% ON GROSS SALES WK2
adj_b3e5223c7e634c,adjustment,394670,0,394670,0,0,false,true,2026-03-22T23:00:00+05:30,2026-03-24T10:00:00+05:30,setl_26619a6b042052,7457066185afetqi,,,,,false,,TDS 194O DEDUCTION - 1% ON GROSS SALES WK3
adj_2dd234fa300b8a,adjustment,0,120630,120630,0,0,false,true,2026-03-10T18:17:14+05:30,2026-03-12T10:00:00+05:30,setl_4f78878440f3ef,1097215850nnvwog,,,,,false,,chargeback prov reversal Q2
adj_74c770e7df5725,adjustment,0,347096,347096,0,0,false,true,2026-03-12T17:56:09+05:30,2026-03-16T10:00:00+05:30,setl_4dab63f2969f35,9763647321oloivd,,,,,false,,svc adj — see note
adj_93855bcfffa829,adjustment,0,95848,95848,0,0,false,true,2026-03-07T10:45:04+05:30,2026-03-10T10:00:00+05:30,setl_d62597b893494b,8037500912tbqhgc,,,,,false,,svc adj — see note
adj_aa3cb8aaa4cc04,adjustment,0,301658,301658,0,0,false,true,2026-03-19T20:38:26+05:30,2026-03-23T10:00:00+05:30,setl_d241d0314c3523,5905093074moifjr,,,,,false,,MISC DR ADJ REF 51143
adj_d3b616872088da,adjustment,0,423460,423460,0,0,false,true,2026-03-21T17:14:16+05:30,2026-03-24T10:00:00+05:30,setl_26619a6b042052,7457066185afetqi,,,,,false,,svc adj — see note
adj_1c32350b929c8c,adjustment,0,499901,499901,0,0,false,true,2026-03-04T12:11:56+05:30,2026-03-06T10:00:00+05:30,setl_b02381c76b604b,1009526630jasblf,,,,,false,,chargeback prov reversal Q2
adj_f07fc5a1a7419d,adjustment,0,206673,206673,0,0,false,true,2026-03-02T22:19:31+05:30,2026-03-04T10:00:00+05:30,setl_5570af976045db,8659945258yqimbl,,,,,false,,chargeback prov reversal Q4
adj_dfa36dc2a3ac07,adjustment,321335,0,321335,0,0,false,true,2026-03-21T00:30:02+05:30,2026-03-24T10:00:00+05:30,setl_26619a6b042052,7457066185afetqi,,,,,false,,svc adj — see note
adj_01c444a75f53d8,adjustment,0,319847,319847,0,0,false,true,2026-03-19T02:25:18+05:30,2026-03-23T10:00:00+05:30,setl_d241d0314c3523,5905093074moifjr,,,,,false,,chargeback prov reversal Q3
pay_30e49d12978db9,payment,0,525356,537405,10211,1838,false,true,2026-03-22T11:16:01+05:30,2026-03-17T10:00:00+05:30,setl_c50e3ad2d55505,2056589205jkllji,ord_a7b8a7e71d21,netbanking,,,false,,
pay_773887f48a90a3,payment,0,26603,27579,827,149,false,true,2026-03-09T15:29:53+05:30,2026-03-18T10:00:00+05:30,setl_6a8e3766737896,3735322288gthaon,ord_3c6e6d24e826,card,RUPAY,debit,true,,
